Name NL;Name FR;Name DE;X;Y;NIS
Aalst;Aalst;Aalst;4,0394;50,9386;41002
Aalter;Aalter;Aalter;3,4444;51,0873;44084
Aarschot;Aarschot;Aarschot;4,836;50,9854;24001
Aartselaar;Aartselaar;Aartselaar;4,3875;51,1348;11001
Affligem;Affligem;Affligem;4,1099;50,8962;23105
Aiseau-Presles;Aiseau-Presles;Aiseau-Presles;4,5711;50,4165;52074
Alken;Alken;Alken;5,3058;50,8753;73001
Alveringem;Alveringem;Alveringem;2,7073;51,012;38002
Amay;Amay;Amay;5,3247;50,5508;61003
Amblève;Amblève;Amel;6,1684;50,3541;63001
Andenne;Andenne;Andenne;5,0957;50,4893;92003
Anderlecht;Anderlecht;Anderlecht;4,329;50,8391;21001
Anderlues;Anderlues;Anderlues;4,2707;50,4068;56001
Anhée;Anhée;Anhée;4,8771;50,3098;91005
Ans;Ans;Ans;5,5074;50,6675;62003
Anthisnes;Anthisnes;Anthisnes;5,5216;50,4815;61079
Antoing;Antoing;Antoing;3,4489;50,5657;57003
Antwerpen;Antwerpen;Antwerpen;4,3992;51,2213;11002
Anzegem;Anzegem;Anzegem;3,4781;50,8322;34002
Ardooie;Ardooie;Ardooie;3,1969;50,9796;37020
Arendonk;Arendonk;Arendonk;5,0867;51,3206;13001
Arlon;Arlon;Arlon;5,8168;49,6837;81001
As;As;As;5,5888;51,0073;71002
Asse;Asse;Asse;4,2006;50,9102;23002
Assenede;Assenede;Assenede;3,7535;51,2262;43002
Assesse;Assesse;Assesse;5,0205;50,3719;92006
Ath;Ath;Ath;3,7771;50,6306;51004
Attert;Attert;Attert;5,7841;49,7518;81003
Aubange;Aubange;Aubange;5,8304;49,5613;81004
Aubel;Aubel;Aubel;5,8587;50,7055;63003
Avelgem;Avelgem;Avelgem;3,4442;50,7759;34003
Awans;Awans;Awans;5,4635;50,6666;62006
Aywaille;Aywaille;Aywaille;5,6772;50,4758;62009
Baarle-Hertog;Baarle-Hertog;Baarle-Hertog;4,9271;51,44;13002
Baelen;Baelen;Baelen;5,9712;50,6299;63004
Balen;Balen;Balen;5,1752;51,172;13003
Bassenge;Bassenge;Bassenge;5,6104;50,7591;62011
Bastogne;Bastogne;Bastogne;5,7177;50,0023;82003
Beaumont;Beaumont;Beaumont;4,235;50,2371;56005
Beauraing;Beauraing;Beauraing;4,9564;50,1103;91013
Beauvechain;Beauvechain;Beauvechain;4,7725;50,781;25005
Beernem;Beernem;Beernem;3,3332;51,1399;31003
Beerse;Beerse;Beerse;4,8549;51,3141;13004
Beersel;Beersel;Beersel;4,3358;50,7508;23003
Begijnendijk;Begijnendijk;Begijnendijk;4,7822;51,0199;24007
Bekkevoort;Bekkevoort;Bekkevoort;4,9767;50,9432;24008
Belœil;Belœil;Belœil;3,6803;50,5207;51008
Beringen;Beringen;Beringen;5,2193;51,0635;71004
Berlaar;Berlaar;Berlaar;4,6577;51,1176;12002
Berlare;Berlare;Berlare;4,0042;51,0251;42003
Berloz;Berloz;Berloz;5,2114;50,6986;64008
Bernissart;Bernissart;Bernissart;3,6514;50,4757;51009
Bertem;Bertem;Bertem;4,6304;50,8659;24009
Bertogne;Bertogne;Bertogne;5,6668;50,0832;82005
Bertrix;Bertrix;Bertrix;5,2565;49,8547;84009
Bever;Biévène;Biévène;3,9419;50,7175;23009
Beveren;Beveren;Beveren;4,2566;51,2128;46003
Beyne-Heusay;Beyne-Heusay;Beyne-Heusay;5,6515;50,6228;62015
Bierbeek;Bierbeek;Bierbeek;4,7538;50,827;24011
Bièvre;Bièvre;Bièvre;5,0216;49,938;91015
Bilzen;Bilzen;Bilzen;5,5178;50,8709;73006
Binche;Binche;Binche;4,1655;50,4106;58002
Blankenberge;Blankenberge;Blankenberge;3,1322;51,3109;31004
Blegny;Blegny;Blegny;5,7244;50,6724;62119
Bocholt;Bocholt;Bocholt;5,5792;51,1738;72003
Boechout;Boechout;Boechout;4,4969;51,1638;11004
Bonheiden;Bonheiden;Bonheiden;4,5487;51,0255;12005
Boom;Boom;Boom;4,3658;51,0877;11005
Boortmeerbeek;Boortmeerbeek;Boortmeerbeek;4,5719;50,9822;24014
Borgloon;Borgloon;Borgloon;5,3456;50,8015;73009
Bornem;Bornem;Bornem;4,2417;51,1001;12007
Borsbeek;Borsbeek;Borsbeek;4,485;51,1945;11007
Bouillon;Bouillon;Bouillon;5,0679;49,7949;84010
Boussu;Boussu;Boussu;3,7965;50,4339;53014
Boutersem;Boutersem;Boutersem;4,8267;50,8286;24016
Braine-l'Alleud;Braine-l'Alleud;Braine-l'Alleud;4,3693;50,6829;25014
Braine-le-Château;Braine-le-Château;Braine-le-Château;4,2695;50,6825;25015
Braine-le-Comte;Braine-le-Comte;Braine-le-Comte;4,1368;50,6108;55004
Braives;Braives;Braives;5,1485;50,6278;64015
Brakel;Brakel;Brakel;3,764;50,8036;45059
Brasschaat;Brasschaat;Brasschaat;4,4861;51,2875;11008
Brecht;Brecht;Brecht;4,6399;51,3485;11009
Bredene;Bredene;Bredene;2,9652;51,2405;35002
Bree;Bree;Bree;5,5974;51,142;72004
Brugelette;Brugelette;Brugelette;3,852;50,5953;51012
Brugge;Brugge;Brugge;3,2271;51,2083;31005
Brunehaut;Brunehaut;Brunehaut;3,4166;50,5138;57093
Brussel;Bruxelles;Bruxelles;4,3519;50,8466;21004
Buggenhout;Buggenhout;Buggenhout;4,2028;51,0151;42004
Bullange;Bullange;Büllingen;6,2561;50,4061;63012
Burdinne;Burdinne;Burdinne;5,0735;50,5834;61010
Burg-Reuland;Burg-Reuland;Burg-Reuland;6,078;50,2208;63087
Butgenbach;Butgenbach;Bütgenbach;6,1781;50,4216;63013
Celles;Celles;Celles;3,4582;50,7102;57018
Cerfontaine;Cerfontaine;Cerfontaine;4,4129;50,1705;93010
Chapelle-lez-Herlaimont;Chapelle-lez-Herlaimont;Chapelle-lez-Herlaimont;4,2798;50,4714;52010
Charleroi;Charleroi;Charleroi;4,4435;50,4121;52011
Chastre;Chastre;Chastre;4,6446;50,611;25117
Châtelet;Châtelet;Châtelet;4,5226;50,4164;52012
Chaudfontaine;Chaudfontaine;Chaudfontaine;5,6104;50,5918;62022
Chaumont-Gistoux;Chaumont-Gistoux;Chaumont-Gistoux;4,6976;50,6841;25018
Chièvres;Chièvres;Chièvres;3,81;50,5869;51014
Chimay;Chimay;Chimay;4,3152;50,0489;56016
Chiny;Chiny;Chiny;5,4109;49,6944;85007
Ciney;Ciney;Ciney;5,1014;50,2966;91030
Clavier;Clavier;Clavier;5,3638;50,4119;61012
Colfontaine;Colfontaine;Colfontaine;3,8434;50,4216;53082
Comblain-au-Pont;Comblain-au-Pont;Comblain-au-Pont;5,5756;50,4758;62026
Courcelles;Courcelles;Courcelles;4,3757;50,4578;52015
Court-Saint-Étienne;Court-Saint-Étienne;Court-Saint-Étienne;4,5685;50,6442;25023
Couvin;Couvin;Couvin;4,4908;50,0558;93014
Crisnée;Crisnée;Crisnée;5,3955;50,7147;64021
Dalhem;Dalhem;Dalhem;5,7305;50,7432;62027
Damme;Damme;Damme;3,2817;51,2517;31006
Daverdisse;Daverdisse;Daverdisse;5,0175;50,0014;84016
Deerlijk;Deerlijk;Deerlijk;3,3529;50,852;34009
De Haan;De Haan;De Haan;3,0299;51,2757;35029
Deinze;Deinze;Deinze;3,5263;50,9822;44083
Denderleeuw;Denderleeuw;Denderleeuw;4,0806;50,8832;41011
Dendermonde;Dendermonde;Dendermonde;4,0987;51,0311;42006
Dentergem;Dentergem;Dentergem;3,419;50,9643;37002
De Panne;De Panne;De Panne;2,5882;51,0967;38008
De Pinte;De Pinte;De Pinte;3,651;50,9927;44012
Dessel;Dessel;Dessel;5,1117;51,2392;13006
Destelbergen;Destelbergen;Destelbergen;3,7982;51,0556;44013
Diepenbeek;Diepenbeek;Diepenbeek;5,4202;50,9084;71011
Diest;Diest;Diest;5,05;50,9848;24020
Diksmuide;Diksmuide;Diksmuide;2,8646;51,0336;32003
Dilbeek;Dilbeek;Dilbeek;4,2635;50,8479;23016
Dilsen-Stokkem;Dilsen-Stokkem;Dilsen-Stokkem;5,7259;51,037;72041
Dinant;Dinant;Dinant;4,9129;50,2593;91034
Dison;Dison;Dison;5,8547;50,6085;63020
Doische;Doische;Doische;4,7453;50,1359;93018
Donceel;Donceel;Donceel;5,3233;50,6394;64023
Dour;Dour;Dour;3,78;50,3958;53020
Drogenbos;Drogenbos;Drogenbos;4,3171;50,7867;23098
Duffel;Duffel;Duffel;4,5057;51,0952;12009
Durbuy;Durbuy;Durbuy;5,4964;50,3518;83012
Écaussinnes;Écaussinnes;Écaussinnes;4,1751;50,5693;55050
Edegem;Edegem;Edegem;4,4454;51,1545;11013
Edingen;Enghien;Enghien;4,0407;50,6956;51067
Eeklo;Eeklo;Eeklo;3,5663;51,1846;43005
Éghezée;Éghezée;Éghezée;4,906;50,5917;92035
Ellezelles;Ellezelles;Ellezelles;3,6813;50,7337;51017
Elsene;Ixelles;Ixelles;4,3678;50,8325;21009
Engis;Engis;Engis;5,404;50,5828;61080
Érezée;Érezée;Érezée;5,5578;50,2936;83013
Erpe-Mere;Erpe-Mere;Erpe-Mere;3,9437;50,9238;41082
Erquelinnes;Erquelinnes;Erquelinnes;4,1219;50,31;56022
Esneux;Esneux;Esneux;5,5682;50,5338;62032
Essen;Essen;Essen;4,4726;51,4647;11016
Estaimpuis;Estaimpuis;Estaimpuis;3,2702;50,6869;57027
Estinnes;Estinnes;Estinnes;4,0978;50,3971;58003
Étalle;Étalle;Étalle;5,6016;49,6737;85009
Etterbeek;Etterbeek;Etterbeek;4,3868;50,8363;21005
Eupen;Eupen;Eupen;6,0298;50,6321;63023
Evere;Evere;Evere;4,4034;50,8725;21006
Evergem;Evergem;Evergem;3,7077;51,1106;44019
Faimes;Faimes;Faimes;5,252;50,6573;64076
Farciennes;Farciennes;Farciennes;4,5465;50,4315;52018
Fauvillers;Fauvillers;Fauvillers;5,6667;49,8507;82009
Fernelmont;Fernelmont;Fernelmont;4,9842;50,5563;92138
Ferrières;Ferrières;Ferrières;5,6061;50,4001;61019
Fexhe-le-Haut-Clocher;Fexhe-le-Haut-Clocher;Fexhe-le-Haut-Clocher;5,3991;50,6641;64025
Flémalle;Flémalle;Flémalle;5,4701;50,5991;62120
Fléron;Fléron;Fléron;5,6815;50,6171;62038
Fleurus;Fleurus;Fleurus;4,552;50,488;52021
Floreffe;Floreffe;Floreffe;4,7598;50,4367;92045
Florennes;Florennes;Florennes;4,6023;50,2513;93022
Florenville;Florenville;Florenville;5,3101;49,7007;85011
Fontaine-l'Évêque;Fontaine-l'Évêque;Fontaine-l'Évêque;4,3242;50,4123;52022
Fosses-la-Ville;Fosses-la-Ville;Fosses-la-Ville;4,6968;50,3966;92048
Frameries;Frameries;Frameries;3,8916;50,4113;53028
Frasnes-lez-Anvaing;Frasnes-lez-Anvaing;Frasnes-lez-Anvaing;3,6185;50,6667;51065
Froidchapelle;Froidchapelle;Froidchapelle;4,3295;50,1511;56029
Galmaarden;Galmaarden;Galmaarden;3,9706;50,7539;23023
Ganshoren;Ganshoren;Ganshoren;4,3078;50,8699;21008
Gavere;Gavere;Gavere;3,66;50,9277;44020
Gedinne;Gedinne;Gedinne;4,9367;49,9807;91054
Geel;Geel;Geel;4,987;51,1613;13008
Geer;Geer;Geer;5,1709;50,6682;64029
Geetbets;Geetbets;Geetbets;5,1148;50,8913;24028
Gembloux;Gembloux;Gembloux;4,6942;50,5599;92142
Genappe;Genappe;Genappe;4,4453;50,6105;25031
Genk;Genk;Genk;5,4949;50,9652;71016
Gent;Gent;Gent;3,7249;51,0545;44021
Geraardsbergen;Geraardsbergen;Geraardsbergen;3,883;50,772;41018
Gerpinnes;Gerpinnes;Gerpinnes;4,5284;50,3381;52025
Gesves;Gesves;Gesves;5,0666;50,4057;92054
Gingelom;Gingelom;Gingelom;5,135;50,7499;71017
Gistel;Gistel;Gistel;2,9614;51,1541;35005
Glabbeek;Glabbeek;Glabbeek;4,9566;50,8721;24137
Gooik;Gooik;Gooik;4,114;50,7948;23024
Gouvy;Gouvy;Gouvy;5,9174;50,2246;82037
Grâce-Hollogne;Grâce-Hollogne;Grâce-Hollogne;5,4768;50,6324;62118
Grez-Doiceau;Grez-Doiceau;Grez-Doiceau;4,6963;50,7386;25037
Grimbergen;Grimbergen;Grimbergen;4,3722;50,9321;23025
Grobbendonk;Grobbendonk;Grobbendonk;4,7381;51,1902;13010
Haacht;Haacht;Haacht;4,6359;50,9703;24033
Haaltert;Haaltert;Haaltert;4,0047;50,9;41024
Habay;Habay;Habay;5,6541;49,7317;85046
Halen;Halen;Halen;5,1143;50,9475;71020
Halle;Halle;Halle;4,2328;50,7348;23027
Ham;Ham;Ham;5,1488;51,1014;71069
Hamme;Hamme;Hamme;4,138;51,0979;42008
Hamoir;Hamoir;Hamoir;5,5284;50,4255;61024
Hamois;Hamois;Hamois;5,1208;50,3258;91059
Hamont-Achel;Hamont-Achel;Hamont-Achel;5,5455;51,2511;72037
Ham-sur-Heure-Nalinnes;Ham-sur-Heure-Nalinnes;Ham-sur-Heure-Nalinnes;4,3925;50,3216;56086
Hannut;Hannut;Hannut;5,0794;50,6738;64034
Harelbeke;Harelbeke;Harelbeke;3,3114;50,8565;34013
Hasselt;Hasselt;Hasselt;5,3369;50,931;71022
Hastière;Hastière;Hastière;4,8207;50,2128;91142
Havelange;Havelange;Havelange;5,2448;50,3857;91064
Hechtel-Eksel;Hechtel-Eksel;Hechtel-Eksel;5,366;51,1246;72038
Heers;Heers;Heers;5,2952;50,7527;73022
Heist-op-den-Berg;Heist-op-den-Berg;Heist-op-den-Berg;4,7283;51,0758;12014
Hélécine;Hélécine;Hélécine;4,9906;50,7577;25118
Hemiksem;Hemiksem;Hemiksem;4,3294;51,1313;11018
Hensies;Hensies;Hensies;3,6852;50,4324;53039
Herbeumont;Herbeumont;Herbeumont;5,2371;49,7818;84029
Herent;Herent;Herent;4,6728;50,903;24038
Herentals;Herentals;Herentals;4,8406;51,1779;13011
Herenthout;Herenthout;Herenthout;4,7553;51,1406;13012
Herk-de-Stad;Herk-de-Stad;Herk-de-Stad;5,1665;50,9353;71024
Herne;Herne;Herne;4,0288;50,7244;23032
Héron;Héron;Héron;5,1398;50,5286;61028
Herselt;Herselt;Herselt;4,8799;51,0528;13013
Herstal;Herstal;Herstal;5,6304;50,665;62051
Herstappe;Herstappe;Herstappe;5,426;50,7265;73028
Herve;Herve;Herve;5,7938;50,6394;63035
Herzele;Herzele;Herzele;3,893;50,8847;41027
Heusden-Zolder;Heusden-Zolder;Heusden-Zolder;5,314;51,0243;71070
Heuvelland;Heuvelland;Heuvelland;2,8236;50,7806;33039
Hoegaarden;Hoegaarden;Hoegaarden;4,8879;50,7738;24041
Hoeilaart;Hoeilaart;Hoeilaart;4,4729;50,7659;23033
Hoeselt;Hoeselt;Hoeselt;5,4874;50,8501;73032
Holsbeek;Holsbeek;Holsbeek;4,8055;50,9266;24043
Honnelles;Honnelles;Honnelles;3,7348;50,349;53083
Hooglede;Hooglede;Hooglede;3,0827;50,9787;36006
Hoogstraten;Hoogstraten;Hoogstraten;4,7621;51,4012;13014
Horebeke;Horebeke;Horebeke;3,687;50,8378;45062
Hotton;Hotton;Hotton;5,4494;50,2702;83028
Houffalize;Houffalize;Houffalize;5,7898;50,1303;82014
Houthalen-Helchteren;Houthalen-Helchteren;Houthalen-Helchteren;5,3724;51,0285;72039
Houthulst;Houthulst;Houthulst;2,9511;50,9785;32006
Houyet;Houyet;Houyet;5,007;50,1869;91072
Hove;Hove;Hove;4,4745;51,1462;11021
Huldenberg;Huldenberg;Huldenberg;4,5839;50,7891;24045
Hulshout;Hulshout;Hulshout;4,7881;51,0758;13016
Huy;Huy;Huy;5,2412;50,5183;61031
Ichtegem;Ichtegem;Ichtegem;3,027;51,1294;35006
Ieper;Ieper;Ieper;2,8862;50,8515;33011
Incourt;Incourt;Incourt;4,7985;50,6918;25043
Ingelmunster;Ingelmunster;Ingelmunster;3,2556;50,9201;36007
Ittre;Ittre;Ittre;4,2631;50,649;25044
Izegem;Izegem;Izegem;3,2141;50,9203;36008
Jabbeke;Jabbeke;Jabbeke;3,0948;51,1829;31012
Jalhay;Jalhay;Jalhay;5,9677;50,5585;63038
Jemeppe-sur-Sambre;Jemeppe-sur-Sambre;Jemeppe-sur-Sambre;4,668;50,4658;92140
Jette;Jette;Jette;4,3242;50,8756;21010
Jodoigne;Jodoigne;Jodoigne;4,867;50,7244;25048
Juprelle;Juprelle;Juprelle;5,5281;50,7108;62060
Jurbise;Jurbise;Jurbise;3,9069;50,5342;53044
Kalmthout;Kalmthout;Kalmthout;4,4767;51,3831;11022
Kampenhout;Kampenhout;Kampenhout;4,5502;50,9409;23038
Kapellen;Kapellen;Kapellen;4,4316;51,3081;11023
Kapelle-op-den-Bos;Kapelle-op-den-Bos;Kapelle-op-den-Bos;4,3604;51,013;23039
Kaprijke;Kaprijke;Kaprijke;3,6174;51,2183;43007
Kasterlee;Kasterlee;Kasterlee;4,9682;51,2413;13017
Keerbergen;Keerbergen;Keerbergen;4,6296;51,0036;24048
Kinrooi;Kinrooi;Kinrooi;5,774;51,1446;72018
Kluisbergen;Kluisbergen;Kluisbergen;3,5136;50,7888;45060
Knokke-Heist;Knokke-Heist;Knokke-Heist;3,2899;51,3433;31043
Koekelare;Koekelare;Koekelare;2,9789;51,0892;32010
Koekelberg;Koekelberg;Koekelberg;4,3312;50,8608;21011
Koksijde;Koksijde;Koksijde;2,6344;51,1186;38014
Komen-Waasten;Comines-Warneton;Comines-Warneton;2,9993;50,7684;57097
Kontich;Kontich;Kontich;4,4459;51,1355;11024
Kortemark;Kortemark;Kortemark;3,0417;51,0254;32011
Kortenaken;Kortenaken;Kortenaken;5,0609;50,9086;24054
Kortenberg;Kortenberg;Kortenberg;4,5387;50,8856;24055
Kortessem;Kortessem;Kortessem;5,3903;50,8585;73040
Kortrijk;Kortrijk;Kortrijk;3,2647;50,8281;34022
Kraainem;Kraainem;Kraainem;4,4659;50,8617;23099
Kruibeke;Kruibeke;Kruibeke;4,3134;51,1711;46013
Kruisem;Kruisem;Kruisem;3,5277;50,9049;45068
Kuurne;Kuurne;Kuurne;3,2861;50,8501;34023
Laakdal;Laakdal;Laakdal;5,0209;51,0754;13053
Laarne;Laarne;Laarne;3,8499;51,0297;42010
La Bruyère;La Bruyère;La Bruyère;4,8046;50,5056;92141
La Calamine;La Calamine;Kelmis;6,0132;50,7158;63040
La Hulpe;La Hulpe;La Hulpe;4,4892;50,7313;25050
La Louvière;La Louvière;La Louvière;4,185;50,4795;58001
Lanaken;Lanaken;Lanaken;5,652;50,8892;73042
Landen;Landen;Landen;5,0815;50,7534;24059
Langemark-Poelkapelle;Langemark-Poelkapelle;Langemark-Poelkapelle;2,9175;50,9148;33040
La Roche-en-Ardenne;La Roche-en-Ardenne;La Roche-en-Ardenne;5,5754;50,1813;83031
Lasne;Lasne;Lasne;4,4715;50,6978;25119
Lebbeke;Lebbeke;Lebbeke;4,1284;51,0004;42011
Lede;Lede;Lede;3,9779;50,9665;41034
Ledegem;Ledegem;Ledegem;3,1344;50,859;36010
Léglise;Léglise;Léglise;5,536;49,7992;84033
Lendelede;Lendelede;Lendelede;3,2387;50,886;34025
Lennik;Lennik;Lennik;4,1547;50,8059;23104
Lens;Lens;Lens;3,9029;50,5561;53046
Leopoldsburg;Leopoldsburg;Leopoldsburg;5,2639;51,1194;71034
Le Rœulx;Le Rœulx;Le Rœulx;4,1093;50,5012;55035
Les Bons Villers;Les Bons Villers;Les Bons Villers;4,4465;50,5321;52075
Lessines;Lessines;Lessines;3,829;50,712;51069
Leuven;Leuven;Leuven;4,7012;50,8789;24062
Leuze-en-Hainaut;Leuze-en-Hainaut;Leuze-en-Hainaut;3,6214;50,6007;57094
Libin;Libin;Libin;5,2564;49,9812;84035
Libramont-Chevigny;Libramont-Chevigny;Libramont-Chevigny;5,3762;49,9153;84077
Lichtervelde;Lichtervelde;Lichtervelde;3,1399;51,0278;36011
Liedekerke;Liedekerke;Liedekerke;4,0844;50,8703;23044
Liège;Liège;Liège;5,5756;50,6454;62063
Lier;Lier;Lier;4,5699;51,131;12021
Lierde;Lierde;Lierde;3,824;50,8127;45063
Lierneux;Lierneux;Lierneux;5,7947;50,2837;63045
Lievegem;Lievegem;Lievegem;3,6096;51,0946;44085
Lille;Lille;Lille;4,8244;51,2402;13019
Limbourg;Limbourg;Limbourg;5,9423;50,6199;63046
Lincent;Lincent;Lincent;5,0331;50,7145;64047
Linkebeek;Linkebeek;Linkebeek;4,3362;50,773;23100
Lint;Lint;Lint;4,4939;51,1271;11025
Linter;Linter;Linter;5,0621;50,8056;24133
Lobbes;Lobbes;Lobbes;4,2654;50,3451;56044
Lochristi;Lochristi;Lochristi;3,8307;51,0959;44034
Lokeren;Lokeren;Lokeren;3,9892;51,1039;46014
Lommel;Lommel;Lommel;5,3044;51,2303;72020
Londerzeel;Londerzeel;Londerzeel;4,3016;51,0004;23045
Lontzen;Lontzen;Lontzen;5,9858;50,6617;63048
Lo-Reninge;Lo-Reninge;Lo-Reninge;2,7495;50,9798;32030
Lubbeek;Lubbeek;Lubbeek;4,8401;50,8835;24066
Lummen;Lummen;Lummen;5,1917;50,9865;71037
Maarkedal;Maarkedal;Maarkedal;3,626;50,8117;45064
Maaseik;Maaseik;Maaseik;5,7921;51,0951;72021
Maasmechelen;Maasmechelen;Maasmechelen;5,6965;50,9632;73107
Machelen;Machelen;Machelen;4,4324;50,9126;23047
Maldegem;Maldegem;Maldegem;3,4454;51,209;43010
Malle;Malle;Malle;4,6934;51,2972;11057
Malmedy;Malmedy;Malmedy;6,0274;50,4262;63049
Manage;Manage;Manage;4,227;50,4901;55086
Manhay;Manhay;Manhay;5,6755;50,291;83055
Marche-en-Famenne;Marche-en-Famenne;Marche-en-Famenne;5,3402;50,2261;83034
Marchin;Marchin;Marchin;5,2263;50,4799;61039
Martelange;Martelange;Martelange;5,7352;49,8306;81013
Mechelen;Mechelen;Mechelen;4,4816;51,0281;12025
Meerhout;Meerhout;Meerhout;5,0772;51,1325;13021
Meise;Meise;Meise;4,3116;50,9508;23050
Meix-devant-Virton;Meix-devant-Virton;Meix-devant-Virton;5,4786;49,6045;85024
Melle;Melle;Melle;3,7987;51,0032;44040
Menen;Menen;Menen;3,1201;50,796;34027
Merbes-le-Château;Merbes-le-Château;Merbes-le-Château;4,1655;50,3238;56049
Merchtem;Merchtem;Merchtem;4,2322;50,9582;23052
Merelbeke;Merelbeke;Merelbeke;3,7464;50,9938;44043
Merksplas;Merksplas;Merksplas;4,8627;51,3578;13023
Mesen;Messines;Messines;2,8977;50,7655;33016
Messancy;Messancy;Messancy;5,8141;49,5949;81015
Mettet;Mettet;Mettet;4,6568;50,3203;92087
Meulebeke;Meulebeke;Meulebeke;3,2884;50,9489;37007
Middelkerke;Middelkerke;Middelkerke;2,8213;51,185;35011
Modave;Modave;Modave;5,2981;50,4833;61041
Moerbeke;Moerbeke;Moerbeke;3,9383;51,1724;44045
Moeskroen;Mouscron;Mouscron;3,2141;50,7435;57096
Mol;Mol;Mol;5,1213;51,1866;13025
Momignies;Momignies;Momignies;4,1662;50,03;56051
Mons;Mons;Mons;3,9521;50,4549;53053
Mont-de-l'Enclus;Mont-de-l'Enclus;Mont-de-l'Enclus;3,507;50,7438;57095
Montigny-le-Tilleul;Montigny-le-Tilleul;Montigny-le-Tilleul;4,3801;50,3794;52048
Mont-Saint-Guibert;Mont-Saint-Guibert;Mont-Saint-Guibert;4,6125;50,6368;25068
Moorslede;Moorslede;Moorslede;3,0638;50,8913;36012
Morlanwelz;Morlanwelz;Morlanwelz;4,242;50,4562;58004
Mortsel;Mortsel;Mortsel;4,4573;51,1709;11029
Musson;Musson;Musson;5,7052;49,5581;85026
Namur;Namur;Namur;4,8662;50,4666;92094
Nandrin;Nandrin;Nandrin;5,4196;50,5065;61043
Nassogne;Nassogne;Nassogne;5,3422;50,1284;83040
Nazareth;Nazareth;Nazareth;3,5971;50,9599;44048
Neufchâteau;Neufchâteau;Neufchâteau;5,4355;49,8402;84043
Neupré;Neupré;Neupré;5,4809;50,5355;62121
Niel;Niel;Niel;4,326;51,1093;11030
Nieuwerkerken;Nieuwerkerken;Nieuwerkerken;5,1931;50,8649;71045
Nieuwpoort;Nieuwpoort;Nieuwpoort;2,7514;51,1292;38016
Nijlen;Nijlen;Nijlen;4,6703;51,1604;12026
Ninove;Ninove;Ninove;4,0175;50,833;41048
Nivelles;Nivelles;Nivelles;4,3235;50,5979;25072
Ohey;Ohey;Ohey;5,1209;50,436;92097
Olen;Olen;Olen;4,8596;51,1436;13029
Olne;Olne;Olne;5,7482;50,5907;63057
Onhaye;Onhaye;Onhaye;4,8393;50,2418;91103
Oostende;Oostende;Oostende;2,918;51,2264;35013
Oosterzele;Oosterzele;Oosterzele;3,8077;50,9455;44052
Oostkamp;Oostkamp;Oostkamp;3,235;51,1547;31022
Oostrozebeke;Oostrozebeke;Oostrozebeke;3,3343;50,9207;37010
Opwijk;Opwijk;Opwijk;4,1919;50,9703;23060
Oreye;Oreye;Oreye;5,3536;50,7287;64056
Orp-Jauche;Orp-Jauche;Orp-Jauche;4,9885;50,7003;25120
Ottignies-Louvain-la-Neuve;Ottignies-Louvain-la-Neuve;Ottignies-Louvain-la-Neuve;4,5663;50,6651;25121
Oudenaarde;Oudenaarde;Oudenaarde;3,6037;50,8439;45035
Oudenburg;Oudenburg;Oudenburg;3,0024;51,1846;35014
Oudergem;Auderghem;Auderghem;4,4278;50,8168;21002
Oud-Heverlee;Oud-Heverlee;Oud-Heverlee;4,6903;50,8269;24086
Oudsbergen;Oudsbergen;Oudsbergen;5,521;51,0959;72042
Oud-Turnhout;Oud-Turnhout;Oud-Turnhout;4,9822;51,3174;13031
Ouffet;Ouffet;Ouffet;5,4666;50,4383;61048
Oupeye;Oupeye;Oupeye;5,6673;50,7355;62079
Overijse;Overijse;Overijse;4,5351;50,7699;23062
Paliseul;Paliseul;Paliseul;5,1373;49,9037;84050
Pecq;Pecq;Pecq;3,3401;50,686;57062
Peer;Peer;Peer;5,45;51,1326;72030
Pelt;Pelt;Pelt;5,423;51,211;72043
Pepingen;Pepingen;Pepingen;4,1592;50,7596;23064
Pepinster;Pepinster;Pepinster;5,8036;50,567;63058
Péruwelz;Péruwelz;Péruwelz;3,5912;50,5078;57064
Perwez;Perwez;Perwez;4,8138;50,6238;25084
Philippeville;Philippeville;Philippeville;4,544;50,196;93056
Pittem;Pittem;Pittem;3,2663;50,9953;37011
Plombières;Plombières;Plombières;5,9671;50,7328;63088
Pont-à-Celles;Pont-à-Celles;Pont-à-Celles;4,3615;50,5124;52055
Poperinge;Poperinge;Poperinge;2,7276;50,8554;33021
Profondeville;Profondeville;Profondeville;4,869;50,3777;92101
Putte;Putte;Putte;4,6286;51,0572;12029
Puurs-Sint-Amands;Puurs-Sint-Amands;Puurs-Sint-Amands;4,2782;51,0763;12041
Quaregnon;Quaregnon;Quaregnon;3,8645;50,4435;53065
Quévy;Quévy;Quévy;4,0291;50,3796;53084
Quiévrain;Quiévrain;Quiévrain;3,6827;50,4051;53068
Raeren;Raeren;Raeren;6,1113;50,6759;63061
Ramillies;Ramillies;Ramillies;4,8708;50,6441;25122
Ranst;Ranst;Ranst;4,6039;51,1814;11035
Ravels;Ravels;Ravels;5,0057;51,4114;13035
Rebecq;Rebecq;Rebecq;4,1326;50,6653;25123
Remicourt;Remicourt;Remicourt;5,3204;50,6784;64063
Rendeux;Rendeux;Rendeux;5,5096;50,2347;83044
Retie;Retie;Retie;5,0845;51,2679;13036
Riemst;Riemst;Riemst;5,5972;50,8123;73066
Rijkevorsel;Rijkevorsel;Rijkevorsel;4,7584;51,3503;13037
Rixensart;Rixensart;Rixensart;4,5214;50,7126;25091
Rochefort;Rochefort;Rochefort;5,2233;50,1592;91114
Roeselare;Roeselare;Roeselare;3,1248;50,9445;36015
Ronse;Renaix;Renaix;3,6011;50,7478;45041
Roosdaal;Roosdaal;Roosdaal;4,075;50,8432;23097
Rotselaar;Rotselaar;Rotselaar;4,7096;50,9519;24094
Rouvroy;Rouvroy;Rouvroy;5,4983;49,5539;85047
Ruiselede;Ruiselede;Ruiselede;3,3971;51,0411;37012
Rumes;Rumes;Rumes;3,3413;50,5492;57072
Rumst;Rumst;Rumst;4,4119;51,1014;11037
Sainte-Ode;Sainte-Ode;Sainte-Ode;5,5246;50,0359;82038
Saint-Georges-sur-Meuse;Saint-Georges-sur-Meuse;Saint-Georges-sur-Meuse;5,3564;50,6008;64065
Saint-Ghislain;Saint-Ghislain;Saint-Ghislain;3,8157;50,4722;53070
Saint-Hubert;Saint-Hubert;Saint-Hubert;5,3739;50,0251;84059
Saint-Léger;Saint-Léger;Saint-Léger;5,6548;49,6126;85034
Saint-Nicolas;Saint-Nicolas;Saint-Nicolas;5,5384;50,6319;62093
Saint-Vith;Saint-Vith;Sankt Vith;6,1257;50,2805;63067
Sambreville;Sambreville;Sambreville;4,6369;50,4469;92137
Schaarbeek;Schaerbeek;Schaerbeek;4,3738;50,8678;21015
Schelle;Schelle;Schelle;4,336;51,1267;11038
Scherpenheuvel-Zichem;Scherpenheuvel-Zichem;Scherpenheuvel-Zichem;4,9751;50,9795;24134
Schilde;Schilde;Schilde;4,5785;51,2417;11039
Schoten;Schoten;Schoten;4,498;51,2508;11040
Seneffe;Seneffe;Seneffe;4,2569;50,5296;55085
Seraing;Seraing;Seraing;5,5092;50,615;62096
Silly;Silly;Silly;3,9236;50,6482;51068
Sint-Agatha-Berchem;Berchem-Sainte-Agathe;Berchem-Sainte-Agathe;4,295;50,8652;21003
Sint-Genesius-Rode;Rhode-Saint-Genèse;Rhode-Saint-Genèse;4,3459;50,7454;23101
Sint-Gillis;Saint-Gilles;Saint-Gilles;4,3457;50,8244;21013
Sint-Gillis-Waas;Sint-Gillis-Waas;Sint-Gillis-Waas;4,1296;51,217;46020
Sint-Jans-Molenbeek;Molenbeek-Saint-Jean;Molenbeek-Saint-Jean;4,3387;50,8551;21012
Sint-Joost-ten-Node;Saint-Josse-ten-Noode;Saint-Josse-ten-Noode;4,3694;50,8508;21014
Sint-Katelijne-Waver;Sint-Katelijne-Waver;Sint-Katelijne-Waver;4,5358;51,0675;12035
Sint-Lambrechts-Woluwe;Woluwe-Saint-Lambert;Woluwe-Saint-Lambert;4,4259;50,8437;21018
Sint-Laureins;Sint-Laureins;Sint-Laureins;3,5242;51,2417;43014
Sint-Lievens-Houtem;Sint-Lievens-Houtem;Sint-Lievens-Houtem;3,8595;50,9204;41063
Sint-Martens-Latem;Sint-Martens-Latem;Sint-Martens-Latem;3,6397;51,0212;44064
Sint-Niklaas;Sint-Niklaas;Sint-Niklaas;4,1391;51,1648;46021
Sint-Pieters-Leeuw;Sint-Pieters-Leeuw;Sint-Pieters-Leeuw;4,2446;50,781;23077
Sint-Pieters-Woluwe;Woluwe-Saint-Pierre;Woluwe-Saint-Pierre;4,4269;50,8373;21019
Sint-Truiden;Sint-Truiden;Sint-Truiden;5,1814;50,8167;71053
Sivry-Rance;Sivry-Rance;Sivry-Rance;4,181;50,1676;56088
Soignies;Soignies;Soignies;4,0686;50,5794;55040
Sombreffe;Sombreffe;Sombreffe;4,5988;50,522;92114
Somme-Leuze;Somme-Leuze;Somme-Leuze;5,3399;50,2898;91120
Soumagne;Soumagne;Soumagne;5,7318;50,6331;62099
Spa;Spa;Spa;5,8667;50,4934;63072
Spiere-Helkijn;Espierres-Helchin;Espierres-Helchin;3,3602;50,7205;34043
Sprimont;Sprimont;Sprimont;5,6625;50,5056;62100
Stabroek;Stabroek;Stabroek;4,3693;51,3347;11044
Staden;Staden;Staden;3,0142;50,9745;36019
Stavelot;Stavelot;Stavelot;5,9304;50,3945;63073
Steenokkerzeel;Steenokkerzeel;Steenokkerzeel;4,5043;50,9205;23081
Stekene;Stekene;Stekene;4,0409;51,2058;46024
Stoumont;Stoumont;Stoumont;5,808;50,4076;63075
Tellin;Tellin;Tellin;5,2163;50,0816;84068
Temse;Temse;Temse;4,2139;51,1247;46025
Tenneville;Tenneville;Tenneville;5,5227;50,0922;83049
Ternat;Ternat;Ternat;4,1804;50,8705;23086
Tervuren;Tervuren;Tervuren;4,5121;50,8244;24104
Tessenderlo;Tessenderlo;Tessenderlo;5,0878;51,068;71057
Theux;Theux;Theux;5,8133;50,535;63076
Thimister-Clermont;Thimister-Clermont;Thimister-Clermont;5,8645;50,653;63089
Thuin;Thuin;Thuin;4,2888;50,3391;56078
Tielt;Tielt;Tielt;3,3274;51,0011;37015
Tielt-Winge;Tielt-Winge;Tielt-Winge;4,9096;50,9361;24135
Tienen;Tienen;Tienen;4,9378;50,807;24107
Tinlot;Tinlot;Tinlot;5,3782;50,4784;61081
Tintigny;Tintigny;Tintigny;5,5138;49,6832;85039
Tongeren;Tongeren;Tongeren;5,4642;50,7804;73083
Torhout;Torhout;Torhout;3,1017;51,0646;31033
Tournai;Tournai;Tournai;3,3868;50,603;57081
Tremelo;Tremelo;Tremelo;4,7046;50,9913;24109
Trois-Ponts;Trois-Ponts;Trois-Ponts;5,8726;50,3755;63086
Trooz;Trooz;Trooz;5,6754;50,577;62122
Tubize;Tubize;Tubize;4,2053;50,6934;25105
Turnhout;Turnhout;Turnhout;4,9471;51,3231;13040
Ukkel;Uccle;Uccle;4,3333;50,8035;21016
Vaux-sur-Sûre;Vaux-sur-Sûre;Vaux-sur-Sûre;5,5653;49,9103;82036
Verlaine;Verlaine;Verlaine;5,322;50,6051;61063
Verviers;Verviers;Verviers;5,8675;50,5931;63079
Veurne;Veurne;Veurne;2,6611;51,07;38025
Vielsalm;Vielsalm;Vielsalm;5,9169;50,2847;82032
Villers-la-Ville;Villers-la-Ville;Villers-la-Ville;4,5347;50,5725;25107
Villers-le-Bouillet;Villers-le-Bouillet;Villers-le-Bouillet;5,2637;50,5693;61068
Vilvoorde;Vilvoorde;Vilvoorde;4,4226;50,9284;23088
Viroinval;Viroinval;Viroinval;4,5495;50,0746;93090
Virton;Virton;Virton;5,5313;49,5668;85045
Visé;Visé;Visé;5,6935;50,735;62108
Vleteren;Vleteren;Vleteren;2,7383;50,9326;33041
Vloesberg;Flobecq;Flobecq;3,734;50,7384;51019
Voeren;Fourons;Fourons;5,7599;50,7597;73109
Vorselaar;Vorselaar;Vorselaar;4,7738;51,2017;13044
Vorst;Forest;Forest;4,3193;50,8113;21007
Vosselaar;Vosselaar;Vosselaar;4,8882;51,312;13046
Vresse-sur-Semois;Vresse-sur-Semois;Vresse-sur-Semois;4,9338;49,8726;91143
Waasmunster;Waasmunster;Waasmunster;4,0838;51,1093;42023
Wachtebeke;Wachtebeke;Wachtebeke;3,8582;51,1689;44073
Waimes;Waimes;Weismes;6,1096;50,4142;63080
Walcourt;Walcourt;Walcourt;4,4309;50,2512;93088
Walhain;Walhain;Walhain;4,6953;50,6181;25124
Wanze;Wanze;Wanze;5,2134;50,5374;61072
Waregem;Waregem;Waregem;3,4328;50,8851;34040
Waremme;Waremme;Waremme;5,2565;50,698;64074
Wasseiges;Wasseiges;Wasseiges;5,0011;50,6238;64075
Waterloo;Waterloo;Waterloo;4,3958;50,7153;25110
Watermaal-Bosvoorde;Watermael-Boitsfort;Watermael-Boitsfort;4,4171;50,7981;21017
Wavre;Wavre;Wavre;4,6082;50,716;25112
Welkenraedt;Welkenraedt;Welkenraedt;5,9743;50,6614;63084
Wellen;Wellen;Wellen;5,3348;50,841;73098
Wellin;Wellin;Wellin;5,1135;50,0821;84075
Wemmel;Wemmel;Wemmel;4,3034;50,9074;23102
Wervik;Wervik;Wervik;3,0436;50,7781;33029
Westerlo;Westerlo;Westerlo;4,9123;51,0904;13049
Wetteren;Wetteren;Wetteren;3,8856;51,0064;42025
Wevelgem;Wevelgem;Wevelgem;3,1815;50,8086;34041
Wezembeek-Oppem;Wezembeek-Oppem;Wezembeek-Oppem;4,486;50,8447;23103
Wichelen;Wichelen;Wichelen;3,9714;51,0095;42026
Wielsbeke;Wielsbeke;Wielsbeke;3,3732;50,9111;37017
Wijnegem;Wijnegem;Wijnegem;4,5237;51,2278;11050
Willebroek;Willebroek;Willebroek;4,3617;51,0636;12040
Wingene;Wingene;Wingene;3,2771;51,0579;37018
Wommelgem;Wommelgem;Wommelgem;4,5226;51,2035;11052
Wortegem-Petegem;Wortegem-Petegem;Wortegem-Petegem;3,5057;50,8544;45061
Wuustwezel;Wuustwezel;Wuustwezel;4,5992;51,3921;11053
Yvoir;Yvoir;Yvoir;4,8785;50,326;91141
Zandhoven;Zandhoven;Zandhoven;4,6599;51,2144;11054
Zaventem;Zaventem;Zaventem;4,4661;50,8873;23094
Zedelgem;Zedelgem;Zedelgem;3,1364;51,1427;31040
Zele;Zele;Zele;4,0371;51,069;42028
Zelzate;Zelzate;Zelzate;3,8093;51,2026;43018
Zemst;Zemst;Zemst;4,4646;50,9845;23096
Zoersel;Zoersel;Zoersel;4,6427;51,2708;11055
Zonhoven;Zonhoven;Zonhoven;5,3665;50,9916;71066
Zonnebeke;Zonnebeke;Zonnebeke;2,9877;50,8733;33037
Zottegem;Zottegem;Zottegem;3,8107;50,8698;41081
Zoutleeuw;Zoutleeuw;Zoutleeuw;5,1067;50,8332;24130
Zuienkerke;Zuienkerke;Zuienkerke;3,1546;51,2654;31042
Zulte;Zulte;Zulte;3,4662;50,9352;44081
Zutendaal;Zutendaal;Zutendaal;5,5721;50,9333;71067
Zwalm;Zwalm;Zwalm;3,7326;50,8778;45065
Zwevegem;Zwevegem;Zwevegem;3,3405;50,8131;34042
Zwijndrecht;Zwijndrecht;Zwijndrecht;4,3264;51,2188;11056
